<result>
    
    <message>
        <sender>sender
        </sender>
        
        <topic>topiiiiic
        </topic>
        
        <title>ajsnlfkasndkf
        </title>
        
        <description>adsgasdg
        </description>
        
        <content>sadgasdg
        </content>
        
        <date>asgsagsadg
        </date>
        
        <emotion>1
        </emotion>
        
        <thImgSrc>asdgsg
        </thImgSrc>
        
        <imgSrc>sadgsadg
        </imgSrc>
        
        <link>asdgasg
        </link>
        
        <priority>asdgsdag
        </priority>
        
        <notificationID>asdgasdg
        </notificationID>
        
        <replyToID>asdgsag
        </replyToID>
        
        <shoudlDisplayXTimes>
        </shouldDisplayXTimes>
    </message>
    
</result>