{
  "configuration_version": "2.2",
  "shouldUseRemoteConfiguration": true,
  "shouldEnableBlacklistFiltering": false,
  "shouldDisplayImage": true,
  "shouldDisplayThumbnail": true,
  "shouldDisplayContent": true,
  "shouldAllowOpenBlockedThread": true,
  "shouldHideImageInForms": [],
  "shouldAllowDart": false,
  "configuration_refresh_interval": 3600,
  "blacklist_refresh_interval": 3600,
  "forum_list_refresh_interval": 3600,
  "notification_refresh_interval": 3600,
  "threads_per_page": 20,
  "response_per_page": 19,
  "thread_format": "json",
  "forum_list_url": "http://www.my-realm.com/forums.php",
  "forum_list_detail_url": "http://h.acfun.tv/api/homepage",
  "reply_post_url": "http://ano-zhai-so.n1.yun.tf:8999/Home/Forum/doReplyThread.html",
  "create_new_post_url": "http://ano-zhai-so.n1.yun.tf:8999/Home/Forum/doPostThread.html",
  "report_post_placeholder": ">>No.THREAD_ID\n理由:",
  "share_post_url": "http://h.adnmb.com/home/forum/thread/id/<THREAD_ID>.html",
  "thread_url": "http://ano-zhai-so.n1.yun.tf:8999/Home/Api/thread?id=1&page=1.html",
  "get_forum_info_url": "http://h.acfun.tv/api/forum/get?forumName=",
  "ac_host": "http://www.acfun.tv/",
  "a_isle_host": "http://ano-zhai-so.n1.yun.tf",
  "thread_list_host": "http://ano-zhai-so.n1.yun.tf:8999/Home/Api/showt?id=<FORUM_ID>&page=<PAGE>.html",
  "thread_content_host": "http://ano-zhai-so.n1.yun.tf:8999/Home/Api/thread?id=<THREAD_ID>&page=<PAGE>.html",
  "thumbnail_host": "http://ano-zhai-so.n1.yun.tf:8999/Public/Upload/",
  "image_host": "http://ano-zhai-so.n1.yun.tf:8999/Public/Upload/",
  "donation_link": "",
  "message": ""
}