{
  "configuration_version": "1.3.4",
  "shouldUseRemoteConfiguration": true,
  "shouldEnableBlacklistFiltering": false,
  "shouldDisplayImage": true,
  "shouldDisplayThumbnail": true,
  "shouldDisplayContent": true,
  "shouldAllowOpenBlockedThread": true,
  "shouldHideImageInForms": [],
  "shouldAllowDart": false,
  "configuration_refresh_interval": 3600,
  "blacklist_refresh_interval": 3600,
  "forum_list_refresh_interval": 3600,
  "notification_refresh_interval": 3600,
  "threads_per_page": 10,
  "response_per_page": 20,
  "thread_format": "json",
  "forum_list_url": "http://civ.atwebpages.com/forums.php",
  "forum_list_detail_url": "http://h.nimingban.com/api/homepage",
  "reply_post_url": "http://h.nimingban.com/api/t/PARENT_ID/create",
  "create_new_post_url": "http://h.nimingban.com/api/FORUM_NAME/create",
  "report_post_placeholder": "http://h.nimingban.com/t/PARENT_ID?r=THREAD_ID\n理由:",
  "share_post_url": "http://h.nimingban.com/t/",
  "thread_url": "http://h.nimingban.com/t/THREAD_ID.json",
  "get_forum_info_url": "http://h.nimingban.com/api/forum/get?forumName=",
  "ac_host": "http://www.acfun.tv/",
  "a_isle_host": "http://h.nimingban.com/",
  "thread_list_host": "http://h.nimingban.com/api/",
  "thread_content_host": "http://h.nimingban.com/api/t/",
  "thumbnail_host": "http://static.acfun.mm111.net/h/",
  "image_host": "http://static.acfun.mm111.net/h/",
  "donation_link": "",
  "message": "DEBUG CONFIGURATION"
}