{
  "configuration_version": "1.3.5",
  "shouldUseRemoteConfiguration": true,
  "shouldEnableBlacklistFiltering": false,
  "shouldDisplayImage": true,
  "shouldDisplayThumbnail": true,
  "shouldDisplayContent": true,
  "shouldAllowOpenBlockedThread": true,
  "shouldHideImageInForms": [],
  "shouldAllowDart": false,
  "configuration_refresh_interval": 3600,
  "blacklist_refresh_interval": 3600,
  "forum_list_refresh_interval": 3600,
  "notification_refresh_interval": 3600,
  "threads_per_page": 10,
  "response_per_page": 20,
  "thread_format": "json",
  "forum_list_url": "http://www.my-realm.com/forums.php",
  "forum_list_detail_url": "http://h.acfun.tv/api/homepage",
  "reply_post_url": "http://h.acfun.tv/api/t/PARENT_ID/create",
  "create_new_post_url": "http://h.acfun.tv/api/FORUM_NAME/create",
  "report_post_placeholder": "http://h.acfun.tv/t/PARENT_ID?r=THREAD_ID\n理由:",
  "share_post_url": "http://h.acfun.tv/t/",
  "thread_url": "http://h.acfun.tv/t/THREAD_ID.json",
  "get_forum_info_url": "http://h.acfun.tv/api/forum/get?forumName=",
  "ac_host": "http://www.acfun.tv/",
  "a_isle_host": "http://h.acfun.tv/",
  "thread_list_host": "http://h.acfun.tv/api/",
  "thread_content_host": "http://h.acfun.tv/api/t/",
  "thumbnail_host": "http://static.acfun.mm111.net/h/",
  "image_host": "http://static.acfun.mm111.net/h/",
  "donation_link": "",
<<<<<<< Updated upstream
  "message": "岛沉了"
=======
  "message": ""
>>>>>>> Stashed changes
}