<result><success>true</success><status>200</status><model><ArrayOfForumGroup><ForumGroup><Area>综合</Area><ForumNames><string>推理</string><string>技术宅</string><string>料理</string><string>貓版</string><string>音乐</string><string>体育</string><string>军武</string><string>模型</string><string>考试</string><string>WIKI</string></ForumNames></ForumGroup><ForumGroup><Area>二次元</Area><ForumNames><string>推理</string><string>小说</string><string>VOCALOID</string></ForumNames></ForumGroup><ForumGroup><Area>游戏</Area><ForumNames><string>游戏</string><string>扩散性百万亚瑟王</string><string>LOL</string><string>DOTA</string><string>Minecraft</string><string>MUG</string><string>MUGEN</string><string>WOT</string><string>卡牌桌游</string><string>怪物猎人</string><string>口袋妖怪</string></ForumNames></ForumGroup><ForumGroup><Area>三次元</Area><ForumNames><string>影视</string><string>摄影</string><string>声优</string></ForumNames></ForumGroup><ForumGroup><Area>管理</Area><ForumNames><string>值班室</string></ForumNames></ForumGroup></ArrayOfForumGroup></model></result>