[
  {
    "id": "1",
    "name": "综合"
  },
  {
    "id": "2",
    "name": "技术"
  },
  {
    "id": "3",
    "name": "二次创作"
  },
  {
    "id": "4",
    "name": "动画漫画"
  },
  {
    "id": "5",
    "name": "值班室"
  },
  {
    "id": "6",
    "name": "游戏"
  },
  {
    "id": "7",
    "name": "欢乐恶搞"
  },
  {
    "id": "11",
    "name": "小说"
  },
  {
    "id": "13",
    "name": "数码音乐"
  },
  {
    "id": "14",
    "name": "射影"
  },
  {
    "id": "15",
    "name": "都市怪谈"
  }
]